article_id,title,abstract
ART-0000,Advanced Study of AI: 760,This paper explores advanced study of ai: 760. We find significant results in area 5. The methodology involves qualitative analysis.
ART-0001,Novel Study of Biology: 755,This paper explores novel study of biology: 755. We find significant results in area 2. The methodology involves mixed-methods analysis.
ART-0002,Advanced Study of Economics: 33,This paper explores advanced study of economics: 33. We find significant results in area 1. The methodology involves qualitative analysis.
ART-0003,Novel Study of Biology: 518,This paper explores novel study of biology: 518. We find significant results in area 10. The methodology involves qualitative analysis.
ART-0004,Novel Study of Economics: 226,This paper explores novel study of economics: 226. We find significant results in area 8. The methodology involves mixed-methods analysis.
ART-0005,Comparative Study of AI: 778,This paper explores comparative study of ai: 778. We find significant results in area 3. The methodology involves mixed-methods analysis.
ART-0006,Longitudinal Study of Sociology: 285,This paper explores longitudinal study of sociology: 285. We find significant results in area 3. The methodology involves qualitative analysis.
ART-0007,Comparative Study of AI: 95,This paper explores comparative study of ai: 95. We find significant results in area 7. The methodology involves qualitative analysis.
ART-0008,Comparative Study of Sociology: 619,This paper explores comparative study of sociology: 619. We find significant results in area 5. The methodology involves qualitative analysis.
ART-0009,Longitudinal Study of AI: 997,This paper explores longitudinal study of ai: 997. We find significant results in area 7. The methodology involves qualitative analysis.
ART-0010,Comparative Study of Sociology: 592,This paper explores comparative study of sociology: 592. We find significant results in area 4. The methodology involves mixed-methods analysis.
ART-0011,Advanced Study of AI: 678,This paper explores advanced study of ai: 678. We find significant results in area 4. The methodology involves quantitative analysis.
ART-0012,Advanced Study of Biology: 888,This paper explores advanced study of biology: 888. We find significant results in area 2. The methodology involves quantitative analysis.
ART-0013,Comparative Study of Economics: 651,This paper explores comparative study of economics: 651. We find significant results in area 6. The methodology involves qualitative analysis.
ART-0014,Comparative Study of Sociology: 215,This paper explores comparative study of sociology: 215. We find significant results in area 5. The methodology involves mixed-methods analysis.
ART-0015,Advanced Study of Biology: 547,This paper explores advanced study of biology: 547. We find significant results in area 4. The methodology involves qualitative analysis.
ART-0016,Longitudinal Study of Economics: 277,This paper explores longitudinal study of economics: 277. We find significant results in area 9. The methodology involves qualitative analysis.
ART-0017,Comparative Study of AI: 235,This paper explores comparative study of ai: 235. We find significant results in area 1. The methodology involves quantitative analysis.
ART-0018,Longitudinal Study of Sociology: 68,This paper explores longitudinal study of sociology: 68. We find significant results in area 4. The methodology involves mixed-methods analysis.
ART-0019,Comparative Study of Biology: 672,This paper explores comparative study of biology: 672. We find significant results in area 8. The methodology involves quantitative analysis.
ART-0020,Longitudinal Study of Biology: 272,This paper explores longitudinal study of biology: 272. We find significant results in area 3. The methodology involves qualitative analysis.
ART-0021,Comparative Study of Economics: 920,This paper explores comparative study of economics: 920. We find significant results in area 10. The methodology involves quantitative analysis.
ART-0022,Comparative Study of Biology: 142,This paper explores comparative study of biology: 142. We find significant results in area 9. The methodology involves quantitative analysis.
ART-0023,Advanced Study of AI: 882,This paper explores advanced study of ai: 882. We find significant results in area 2. The methodology involves qualitative analysis.
ART-0024,Novel Study of Economics: 611,This paper explores novel study of economics: 611. We find significant results in area 2. The methodology involves quantitative analysis.
ART-0025,Longitudinal Study of Economics: 542,This paper explores longitudinal study of economics: 542. We find significant results in area 5. The methodology involves mixed-methods analysis.
ART-0026,Advanced Study of AI: 699,This paper explores advanced study of ai: 699. We find significant results in area 9. The methodology involves quantitative analysis.
ART-0027,Comparative Study of AI: 301,This paper explores comparative study of ai: 301. We find significant results in area 7. The methodology involves qualitative analysis.
ART-0028,Longitudinal Study of AI: 977,This paper explores longitudinal study of ai: 977. We find significant results in area 5. The methodology involves mixed-methods analysis.
ART-0029,Novel Study of AI: 892,This paper explores novel study of ai: 892. We find significant results in area 5. The methodology involves mixed-methods analysis.
ART-0030,Novel Study of Biology: 383,This paper explores novel study of biology: 383. We find significant results in area 3. The methodology involves mixed-methods analysis.
ART-0031,Advanced Study of Sociology: 501,This paper explores advanced study of sociology: 501. We find significant results in area 1. The methodology involves qualitative analysis.
ART-0032,Comparative Study of Sociology: 246,This paper explores comparative study of sociology: 246. We find significant results in area 1. The methodology involves qualitative analysis.
ART-0033,Advanced Study of AI: 750,This paper explores advanced study of ai: 750. We find significant results in area 8. The methodology involves qualitative analysis.
ART-0034,Novel Study of Biology: 676,This paper explores novel study of biology: 676. We find significant results in area 8. The methodology involves mixed-methods analysis.
ART-0035,Novel Study of Sociology: 541,This paper explores novel study of sociology: 541. We find significant results in area 10. The methodology involves quantitative analysis.
ART-0036,Novel Study of Biology: 731,This paper explores novel study of biology: 731. We find significant results in area 5. The methodology involves quantitative analysis.
ART-0037,Comparative Study of Economics: 922,This paper explores comparative study of economics: 922. We find significant results in area 9. The methodology involves quantitative analysis.
ART-0038,Advanced Study of Biology: 231,This paper explores advanced study of biology: 231. We find significant results in area 2. The methodology involves quantitative analysis.
ART-0039,Advanced Study of Biology: 603,This paper explores advanced study of biology: 603. We find significant results in area 4. The methodology involves qualitative analysis.
ART-0040,Advanced Study of AI: 235,This paper explores advanced study of ai: 235. We find significant results in area 2. The methodology involves qualitative analysis.
ART-0041,Comparative Study of AI: 527,This paper explores comparative study of ai: 527. We find significant results in area 4. The methodology involves quantitative analysis.
ART-0042,Longitudinal Study of Biology: 553,This paper explores longitudinal study of biology: 553. We find significant results in area 3. The methodology involves mixed-methods analysis.
ART-0043,Longitudinal Study of Biology: 804,This paper explores longitudinal study of biology: 804. We find significant results in area 8. The methodology involves quantitative analysis.
ART-0044,Novel Study of AI: 100,This paper explores novel study of ai: 100. We find significant results in area 7. The methodology involves quantitative analysis.
ART-0045,Longitudinal Study of Economics: 479,This paper explores longitudinal study of economics: 479. We find significant results in area 1. The methodology involves mixed-methods analysis.
ART-0046,Advanced Study of AI: 413,This paper explores advanced study of ai: 413. We find significant results in area 6. The methodology involves qualitative analysis.
ART-0047,Novel Study of Biology: 195,This paper explores novel study of biology: 195. We find significant results in area 9. The methodology involves quantitative analysis.
ART-0048,Novel Study of Economics: 188,This paper explores novel study of economics: 188. We find significant results in area 5. The methodology involves quantitative analysis.
ART-0049,Novel Study of AI: 454,This paper explores novel study of ai: 454. We find significant results in area 9. The methodology involves qualitative analysis.
ART-0050,Advanced Study of AI: 993,This paper explores advanced study of ai: 993. We find significant results in area 2. The methodology involves qualitative analysis.
ART-0051,Novel Study of Economics: 498,This paper explores novel study of economics: 498. We find significant results in area 8. The methodology involves qualitative analysis.
ART-0052,Longitudinal Study of AI: 169,This paper explores longitudinal study of ai: 169. We find significant results in area 7. The methodology involves qualitative analysis.
ART-0053,Longitudinal Study of Sociology: 949,This paper explores longitudinal study of sociology: 949. We find significant results in area 8. The methodology involves quantitative analysis.
ART-0054,Longitudinal Study of Economics: 159,This paper explores longitudinal study of economics: 159. We find significant results in area 4. The methodology involves quantitative analysis.
ART-0055,Novel Study of AI: 594,This paper explores novel study of ai: 594. We find significant results in area 9. The methodology involves qualitative analysis.
ART-0056,Comparative Study of AI: 52,This paper explores comparative study of ai: 52. We find significant results in area 10. The methodology involves quantitative analysis.
ART-0057,Novel Study of AI: 984,This paper explores novel study of ai: 984. We find significant results in area 9. The methodology involves qualitative analysis.
ART-0058,Novel Study of AI: 610,This paper explores novel study of ai: 610. We find significant results in area 2. The methodology involves mixed-methods analysis.
ART-0059,Novel Study of Economics: 123,This paper explores novel study of economics: 123. We find significant results in area 10. The methodology involves qualitative analysis.
ART-0060,Advanced Study of AI: 430,This paper explores advanced study of ai: 430. We find significant results in area 10. The methodology involves mixed-methods analysis.
ART-0061,Comparative Study of Sociology: 210,This paper explores comparative study of sociology: 210. We find significant results in area 6. The methodology involves qualitative analysis.
ART-0062,Comparative Study of Economics: 135,This paper explores comparative study of economics: 135. We find significant results in area 5. The methodology involves quantitative analysis.
ART-0063,Comparative Study of AI: 10,This paper explores comparative study of ai: 10. We find significant results in area 8. The methodology involves mixed-methods analysis.
ART-0064,Advanced Study of AI: 551,This paper explores advanced study of ai: 551. We find significant results in area 4. The methodology involves mixed-methods analysis.
ART-0065,Comparative Study of Biology: 956,This paper explores comparative study of biology: 956. We find significant results in area 6. The methodology involves qualitative analysis.
ART-0066,Novel Study of Sociology: 292,This paper explores novel study of sociology: 292. We find significant results in area 3. The methodology involves quantitative analysis.
ART-0067,Comparative Study of AI: 684,This paper explores comparative study of ai: 684. We find significant results in area 9. The methodology involves quantitative analysis.
ART-0068,Advanced Study of Biology: 271,This paper explores advanced study of biology: 271. We find significant results in area 2. The methodology involves qualitative analysis.
ART-0069,Novel Study of Sociology: 289,This paper explores novel study of sociology: 289. We find significant results in area 10. The methodology involves qualitative analysis.
ART-0070,Comparative Study of Biology: 704,This paper explores comparative study of biology: 704. We find significant results in area 5. The methodology involves mixed-methods analysis.
ART-0071,Longitudinal Study of Sociology: 928,This paper explores longitudinal study of sociology: 928. We find significant results in area 1. The methodology involves qualitative analysis.
ART-0072,Longitudinal Study of Sociology: 46,This paper explores longitudinal study of sociology: 46. We find significant results in area 1. The methodology involves quantitative analysis.
ART-0073,Novel Study of Sociology: 166,This paper explores novel study of sociology: 166. We find significant results in area 8. The methodology involves mixed-methods analysis.
ART-0074,Longitudinal Study of AI: 115,This paper explores longitudinal study of ai: 115. We find significant results in area 2. The methodology involves mixed-methods analysis.
ART-0075,Novel Study of AI: 855,This paper explores novel study of ai: 855. We find significant results in area 6. The methodology involves mixed-methods analysis.
ART-0076,Novel Study of Economics: 131,This paper explores novel study of economics: 131. We find significant results in area 1. The methodology involves quantitative analysis.
ART-0077,Comparative Study of AI: 921,This paper explores comparative study of ai: 921. We find significant results in area 6. The methodology involves qualitative analysis.
ART-0078,Novel Study of AI: 363,This paper explores novel study of ai: 363. We find significant results in area 9. The methodology involves quantitative analysis.
ART-0079,Novel Study of Biology: 886,This paper explores novel study of biology: 886. We find significant results in area 3. The methodology involves qualitative analysis.
ART-0080,Longitudinal Study of AI: 184,This paper explores longitudinal study of ai: 184. We find significant results in area 6. The methodology involves quantitative analysis.
ART-0081,Novel Study of Sociology: 164,This paper explores novel study of sociology: 164. We find significant results in area 2. The methodology involves quantitative analysis.
ART-0082,Advanced Study of Economics: 228,This paper explores advanced study of economics: 228. We find significant results in area 4. The methodology involves quantitative analysis.
ART-0083,Comparative Study of Sociology: 841,This paper explores comparative study of sociology: 841. We find significant results in area 4. The methodology involves qualitative analysis.
ART-0084,Advanced Study of Biology: 409,This paper explores advanced study of biology: 409. We find significant results in area 6. The methodology involves quantitative analysis.
ART-0085,Advanced Study of Sociology: 360,This paper explores advanced study of sociology: 360. We find significant results in area 9. The methodology involves quantitative analysis.
ART-0086,Comparative Study of AI: 119,This paper explores comparative study of ai: 119. We find significant results in area 5. The methodology involves qualitative analysis.
ART-0087,Comparative Study of AI: 112,This paper explores comparative study of ai: 112. We find significant results in area 10. The methodology involves quantitative analysis.
ART-0088,Comparative Study of Sociology: 447,This paper explores comparative study of sociology: 447. We find significant results in area 10. The methodology involves mixed-methods analysis.
ART-0089,Advanced Study of Economics: 922,This paper explores advanced study of economics: 922. We find significant results in area 10. The methodology involves qualitative analysis.
ART-0090,Comparative Study of AI: 726,This paper explores comparative study of ai: 726. We find significant results in area 7. The methodology involves qualitative analysis.
ART-0091,Novel Study of Sociology: 442,This paper explores novel study of sociology: 442. We find significant results in area 2. The methodology involves mixed-methods analysis.
ART-0092,Comparative Study of Sociology: 680,This paper explores comparative study of sociology: 680. We find significant results in area 2. The methodology involves mixed-methods analysis.
ART-0093,Comparative Study of Sociology: 683,This paper explores comparative study of sociology: 683. We find significant results in area 7. The methodology involves quantitative analysis.
ART-0094,Longitudinal Study of Sociology: 568,This paper explores longitudinal study of sociology: 568. We find significant results in area 3. The methodology involves qualitative analysis.
ART-0095,Longitudinal Study of Economics: 694,This paper explores longitudinal study of economics: 694. We find significant results in area 3. The methodology involves mixed-methods analysis.
ART-0096,Comparative Study of Economics: 562,This paper explores comparative study of economics: 562. We find significant results in area 1. The methodology involves quantitative analysis.
ART-0097,Comparative Study of Biology: 441,This paper explores comparative study of biology: 441. We find significant results in area 10. The methodology involves mixed-methods analysis.
ART-0098,Comparative Study of Economics: 453,This paper explores comparative study of economics: 453. We find significant results in area 8. The methodology involves mixed-methods analysis.
ART-0099,Novel Study of Economics: 813,This paper explores novel study of economics: 813. We find significant results in area 3. The methodology involves mixed-methods analysis.
ART-0100,Advanced Study of Sociology: 528,This paper explores advanced study of sociology: 528. We find significant results in area 10. The methodology involves quantitative analysis.
ART-0101,Advanced Study of Biology: 689,This paper explores advanced study of biology: 689. We find significant results in area 5. The methodology involves qualitative analysis.
ART-0102,Novel Study of Biology: 26,This paper explores novel study of biology: 26. We find significant results in area 1. The methodology involves qualitative analysis.
ART-0103,Longitudinal Study of AI: 467,This paper explores longitudinal study of ai: 467. We find significant results in area 7. The methodology involves mixed-methods analysis.
ART-0104,Novel Study of Economics: 507,This paper explores novel study of economics: 507. We find significant results in area 7. The methodology involves qualitative analysis.
ART-0105,Novel Study of AI: 915,This paper explores novel study of ai: 915. We find significant results in area 2. The methodology involves quantitative analysis.
ART-0106,Novel Study of Biology: 824,This paper explores novel study of biology: 824. We find significant results in area 9. The methodology involves quantitative analysis.
ART-0107,Advanced Study of Biology: 940,This paper explores advanced study of biology: 940. We find significant results in area 2. The methodology involves quantitative analysis.
ART-0108,Novel Study of Economics: 684,This paper explores novel study of economics: 684. We find significant results in area 9. The methodology involves mixed-methods analysis.
ART-0109,Comparative Study of Economics: 628,This paper explores comparative study of economics: 628. We find significant results in area 9. The methodology involves quantitative analysis.
ART-0110,Longitudinal Study of Biology: 762,This paper explores longitudinal study of biology: 762. We find significant results in area 8. The methodology involves quantitative analysis.
ART-0111,Comparative Study of Biology: 861,This paper explores comparative study of biology: 861. We find significant results in area 5. The methodology involves mixed-methods analysis.
ART-0112,Longitudinal Study of Biology: 282,This paper explores longitudinal study of biology: 282. We find significant results in area 8. The methodology involves qualitative analysis.
ART-0113,Comparative Study of Biology: 279,This paper explores comparative study of biology: 279. We find significant results in area 6. The methodology involves quantitative analysis.
ART-0114,Advanced Study of Biology: 155,This paper explores advanced study of biology: 155. We find significant results in area 4. The methodology involves quantitative analysis.
ART-0115,Novel Study of Biology: 66,This paper explores novel study of biology: 66. We find significant results in area 7. The methodology involves quantitative analysis.
ART-0116,Comparative Study of Economics: 426,This paper explores comparative study of economics: 426. We find significant results in area 1. The methodology involves qualitative analysis.
ART-0117,Longitudinal Study of Economics: 927,This paper explores longitudinal study of economics: 927. We find significant results in area 10. The methodology involves mixed-methods analysis.
ART-0118,Advanced Study of Economics: 489,This paper explores advanced study of economics: 489. We find significant results in area 1. The methodology involves quantitative analysis.
ART-0119,Comparative Study of Economics: 874,This paper explores comparative study of economics: 874. We find significant results in area 7. The methodology involves mixed-methods analysis.
ART-0120,Novel Study of Economics: 225,This paper explores novel study of economics: 225. We find significant results in area 5. The methodology involves quantitative analysis.
ART-0121,Longitudinal Study of AI: 399,This paper explores longitudinal study of ai: 399. We find significant results in area 6. The methodology involves mixed-methods analysis.
ART-0122,Longitudinal Study of Biology: 861,This paper explores longitudinal study of biology: 861. We find significant results in area 8. The methodology involves qualitative analysis.
ART-0123,Advanced Study of Economics: 607,This paper explores advanced study of economics: 607. We find significant results in area 10. The methodology involves mixed-methods analysis.
ART-0124,Advanced Study of AI: 659,This paper explores advanced study of ai: 659. We find significant results in area 7. The methodology involves qualitative analysis.
ART-0125,Longitudinal Study of Biology: 52,This paper explores longitudinal study of biology: 52. We find significant results in area 5. The methodology involves quantitative analysis.
ART-0126,Comparative Study of Biology: 466,This paper explores comparative study of biology: 466. We find significant results in area 6. The methodology involves quantitative analysis.
ART-0127,Longitudinal Study of Sociology: 771,This paper explores longitudinal study of sociology: 771. We find significant results in area 7. The methodology involves quantitative analysis.
ART-0128,Advanced Study of Economics: 20,This paper explores advanced study of economics: 20. We find significant results in area 9. The methodology involves qualitative analysis.
ART-0129,Comparative Study of Biology: 666,This paper explores comparative study of biology: 666. We find significant results in area 2. The methodology involves mixed-methods analysis.
ART-0130,Advanced Study of AI: 973,This paper explores advanced study of ai: 973. We find significant results in area 4. The methodology involves qualitative analysis.
ART-0131,Advanced Study of Biology: 245,This paper explores advanced study of biology: 245. We find significant results in area 3. The methodology involves quantitative analysis.
ART-0132,Advanced Study of Biology: 477,This paper explores advanced study of biology: 477. We find significant results in area 5. The methodology involves quantitative analysis.
ART-0133,Novel Study of AI: 797,This paper explores novel study of ai: 797. We find significant results in area 3. The methodology involves quantitative analysis.
ART-0134,Advanced Study of AI: 952,This paper explores advanced study of ai: 952. We find significant results in area 5. The methodology involves mixed-methods analysis.
ART-0135,Longitudinal Study of Economics: 965,This paper explores longitudinal study of economics: 965. We find significant results in area 4. The methodology involves qualitative analysis.
ART-0136,Novel Study of AI: 714,This paper explores novel study of ai: 714. We find significant results in area 5. The methodology involves mixed-methods analysis.
ART-0137,Advanced Study of AI: 356,This paper explores advanced study of ai: 356. We find significant results in area 9. The methodology involves quantitative analysis.
ART-0138,Comparative Study of AI: 519,This paper explores comparative study of ai: 519. We find significant results in area 6. The methodology involves qualitative analysis.
ART-0139,Longitudinal Study of Economics: 109,This paper explores longitudinal study of economics: 109. We find significant results in area 7. The methodology involves quantitative analysis.
ART-0140,Longitudinal Study of Biology: 446,This paper explores longitudinal study of biology: 446. We find significant results in area 3. The methodology involves mixed-methods analysis.
ART-0141,Comparative Study of Economics: 477,This paper explores comparative study of economics: 477. We find significant results in area 7. The methodology involves mixed-methods analysis.
ART-0142,Comparative Study of Sociology: 873,This paper explores comparative study of sociology: 873. We find significant results in area 4. The methodology involves qualitative analysis.
ART-0143,Comparative Study of Economics: 250,This paper explores comparative study of economics: 250. We find significant results in area 8. The methodology involves mixed-methods analysis.
ART-0144,Longitudinal Study of Sociology: 30,This paper explores longitudinal study of sociology: 30. We find significant results in area 8. The methodology involves quantitative analysis.
ART-0145,Novel Study of Economics: 218,This paper explores novel study of economics: 218. We find significant results in area 6. The methodology involves quantitative analysis.
ART-0146,Comparative Study of Sociology: 902,This paper explores comparative study of sociology: 902. We find significant results in area 10. The methodology involves mixed-methods analysis.
ART-0147,Comparative Study of AI: 530,This paper explores comparative study of ai: 530. We find significant results in area 4. The methodology involves qualitative analysis.
ART-0148,Novel Study of Economics: 501,This paper explores novel study of economics: 501. We find significant results in area 9. The methodology involves qualitative analysis.
ART-0149,Longitudinal Study of Economics: 459,This paper explores longitudinal study of economics: 459. We find significant results in area 1. The methodology involves qualitative analysis.
