note_id,note_text
NOTE-0000,Observation 0: The session showed low engagement. Next review scheduled for Tuesday.
NOTE-0001,Observation 1: The session showed high engagement. Next review scheduled for Tuesday.
NOTE-0002,Observation 2: The session showed high engagement. Next review scheduled for Wednesday.
NOTE-0003,Observation 3: The session showed moderate engagement. Next review scheduled for Monday.
NOTE-0004,Observation 4: The session showed low engagement. Next review scheduled for Monday.
NOTE-0005,Observation 5: The session showed moderate engagement. Next review scheduled for Monday.
NOTE-0006,Observation 6: The session showed moderate engagement. Next review scheduled for Monday.
NOTE-0007,Observation 7: The session showed high engagement. Next review scheduled for Monday.
NOTE-0008,Observation 8: The session showed high engagement. Next review scheduled for Monday.
NOTE-0009,Observation 9: The session showed moderate engagement. Next review scheduled for Monday.
NOTE-0010,Observation 10: The session showed high engagement. Next review scheduled for Monday.
NOTE-0011,Observation 11: The session showed low engagement. Next review scheduled for Wednesday.
NOTE-0012,Observation 12: The session showed high engagement. Next review scheduled for Wednesday.
NOTE-0013,Observation 13: The session showed high engagement. Next review scheduled for Tuesday.
NOTE-0014,Observation 14: The session showed moderate engagement. Next review scheduled for Tuesday.
NOTE-0015,Observation 15: The session showed low engagement. Next review scheduled for Monday.
NOTE-0016,Observation 16: The session showed moderate engagement. Next review scheduled for Wednesday.
NOTE-0017,Observation 17: The session showed moderate engagement. Next review scheduled for Wednesday.
NOTE-0018,Observation 18: The session showed high engagement. Next review scheduled for Monday.
NOTE-0019,Observation 19: The session showed low engagement. Next review scheduled for Monday.
NOTE-0020,Observation 20: The session showed moderate engagement. Next review scheduled for Monday.
NOTE-0021,Observation 21: The session showed low engagement. Next review scheduled for Wednesday.
NOTE-0022,Observation 22: The session showed moderate engagement. Next review scheduled for Tuesday.
NOTE-0023,Observation 23: The session showed low engagement. Next review scheduled for Wednesday.
NOTE-0024,Observation 24: The session showed high engagement. Next review scheduled for Monday.
NOTE-0025,Observation 25: The session showed moderate engagement. Next review scheduled for Wednesday.
NOTE-0026,Observation 26: The session showed moderate engagement. Next review scheduled for Monday.
NOTE-0027,Observation 27: The session showed high engagement. Next review scheduled for Wednesday.
NOTE-0028,Observation 28: The session showed low engagement. Next review scheduled for Wednesday.
NOTE-0029,Observation 29: The session showed moderate engagement. Next review scheduled for Monday.
NOTE-0030,Observation 30: The session showed moderate engagement. Next review scheduled for Monday.
NOTE-0031,Observation 31: The session showed low engagement. Next review scheduled for Wednesday.
NOTE-0032,Observation 32: The session showed low engagement. Next review scheduled for Wednesday.
NOTE-0033,Observation 33: The session showed low engagement. Next review scheduled for Monday.
NOTE-0034,Observation 34: The session showed moderate engagement. Next review scheduled for Wednesday.
NOTE-0035,Observation 35: The session showed low engagement. Next review scheduled for Monday.
NOTE-0036,Observation 36: The session showed low engagement. Next review scheduled for Tuesday.
NOTE-0037,Observation 37: The session showed high engagement. Next review scheduled for Tuesday.
NOTE-0038,Observation 38: The session showed low engagement. Next review scheduled for Wednesday.
NOTE-0039,Observation 39: The session showed low engagement. Next review scheduled for Wednesday.
NOTE-0040,Observation 40: The session showed high engagement. Next review scheduled for Tuesday.
NOTE-0041,Observation 41: The session showed high engagement. Next review scheduled for Wednesday.
NOTE-0042,Observation 42: The session showed moderate engagement. Next review scheduled for Wednesday.
NOTE-0043,Observation 43: The session showed low engagement. Next review scheduled for Wednesday.
NOTE-0044,Observation 44: The session showed moderate engagement. Next review scheduled for Tuesday.
NOTE-0045,Observation 45: The session showed low engagement. Next review scheduled for Tuesday.
NOTE-0046,Observation 46: The session showed moderate engagement. Next review scheduled for Wednesday.
NOTE-0047,Observation 47: The session showed low engagement. Next review scheduled for Tuesday.
NOTE-0048,Observation 48: The session showed high engagement. Next review scheduled for Monday.
NOTE-0049,Observation 49: The session showed low engagement. Next review scheduled for Tuesday.
NOTE-0050,Observation 50: The session showed high engagement. Next review scheduled for Tuesday.
NOTE-0051,Observation 51: The session showed moderate engagement. Next review scheduled for Wednesday.
NOTE-0052,Observation 52: The session showed moderate engagement. Next review scheduled for Tuesday.
NOTE-0053,Observation 53: The session showed low engagement. Next review scheduled for Monday.
NOTE-0054,Observation 54: The session showed low engagement. Next review scheduled for Tuesday.
NOTE-0055,Observation 55: The session showed high engagement. Next review scheduled for Tuesday.
NOTE-0056,Observation 56: The session showed high engagement. Next review scheduled for Tuesday.
NOTE-0057,Observation 57: The session showed low engagement. Next review scheduled for Tuesday.
NOTE-0058,Observation 58: The session showed low engagement. Next review scheduled for Wednesday.
NOTE-0059,Observation 59: The session showed moderate engagement. Next review scheduled for Tuesday.
NOTE-0060,Observation 60: The session showed moderate engagement. Next review scheduled for Monday.
NOTE-0061,Observation 61: The session showed moderate engagement. Next review scheduled for Monday.
NOTE-0062,Observation 62: The session showed high engagement. Next review scheduled for Monday.
NOTE-0063,Observation 63: The session showed moderate engagement. Next review scheduled for Tuesday.
NOTE-0064,Observation 64: The session showed low engagement. Next review scheduled for Wednesday.
NOTE-0065,Observation 65: The session showed high engagement. Next review scheduled for Wednesday.
NOTE-0066,Observation 66: The session showed low engagement. Next review scheduled for Wednesday.
NOTE-0067,Observation 67: The session showed moderate engagement. Next review scheduled for Tuesday.
NOTE-0068,Observation 68: The session showed low engagement. Next review scheduled for Monday.
NOTE-0069,Observation 69: The session showed high engagement. Next review scheduled for Tuesday.
NOTE-0070,Observation 70: The session showed high engagement. Next review scheduled for Tuesday.
NOTE-0071,Observation 71: The session showed moderate engagement. Next review scheduled for Monday.
NOTE-0072,Observation 72: The session showed low engagement. Next review scheduled for Wednesday.
NOTE-0073,Observation 73: The session showed moderate engagement. Next review scheduled for Tuesday.
NOTE-0074,Observation 74: The session showed low engagement. Next review scheduled for Wednesday.
NOTE-0075,Observation 75: The session showed moderate engagement. Next review scheduled for Tuesday.
NOTE-0076,Observation 76: The session showed low engagement. Next review scheduled for Wednesday.
NOTE-0077,Observation 77: The session showed moderate engagement. Next review scheduled for Tuesday.
NOTE-0078,Observation 78: The session showed low engagement. Next review scheduled for Wednesday.
NOTE-0079,Observation 79: The session showed low engagement. Next review scheduled for Tuesday.
NOTE-0080,Observation 80: The session showed low engagement. Next review scheduled for Tuesday.
NOTE-0081,Observation 81: The session showed high engagement. Next review scheduled for Monday.
NOTE-0082,Observation 82: The session showed moderate engagement. Next review scheduled for Monday.
NOTE-0083,Observation 83: The session showed low engagement. Next review scheduled for Monday.
NOTE-0084,Observation 84: The session showed moderate engagement. Next review scheduled for Wednesday.
NOTE-0085,Observation 85: The session showed moderate engagement. Next review scheduled for Monday.
NOTE-0086,Observation 86: The session showed high engagement. Next review scheduled for Monday.
NOTE-0087,Observation 87: The session showed moderate engagement. Next review scheduled for Tuesday.
NOTE-0088,Observation 88: The session showed low engagement. Next review scheduled for Wednesday.
NOTE-0089,Observation 89: The session showed moderate engagement. Next review scheduled for Wednesday.
NOTE-0090,Observation 90: The session showed moderate engagement. Next review scheduled for Tuesday.
NOTE-0091,Observation 91: The session showed high engagement. Next review scheduled for Monday.
NOTE-0092,Observation 92: The session showed low engagement. Next review scheduled for Monday.
NOTE-0093,Observation 93: The session showed low engagement. Next review scheduled for Monday.
NOTE-0094,Observation 94: The session showed low engagement. Next review scheduled for Monday.
NOTE-0095,Observation 95: The session showed moderate engagement. Next review scheduled for Wednesday.
NOTE-0096,Observation 96: The session showed high engagement. Next review scheduled for Tuesday.
NOTE-0097,Observation 97: The session showed high engagement. Next review scheduled for Monday.
NOTE-0098,Observation 98: The session showed moderate engagement. Next review scheduled for Tuesday.
NOTE-0099,Observation 99: The session showed moderate engagement. Next review scheduled for Monday.
NOTE-0100,Observation 100: The session showed moderate engagement. Next review scheduled for Tuesday.
NOTE-0101,Observation 101: The session showed high engagement. Next review scheduled for Monday.
NOTE-0102,Observation 102: The session showed moderate engagement. Next review scheduled for Tuesday.
NOTE-0103,Observation 103: The session showed low engagement. Next review scheduled for Tuesday.
NOTE-0104,Observation 104: The session showed low engagement. Next review scheduled for Tuesday.
NOTE-0105,Observation 105: The session showed high engagement. Next review scheduled for Monday.
NOTE-0106,Observation 106: The session showed low engagement. Next review scheduled for Tuesday.
NOTE-0107,Observation 107: The session showed high engagement. Next review scheduled for Monday.
NOTE-0108,Observation 108: The session showed low engagement. Next review scheduled for Tuesday.
NOTE-0109,Observation 109: The session showed high engagement. Next review scheduled for Wednesday.
NOTE-0110,Observation 110: The session showed moderate engagement. Next review scheduled for Wednesday.
NOTE-0111,Observation 111: The session showed high engagement. Next review scheduled for Monday.
NOTE-0112,Observation 112: The session showed high engagement. Next review scheduled for Wednesday.
NOTE-0113,Observation 113: The session showed low engagement. Next review scheduled for Monday.
NOTE-0114,Observation 114: The session showed high engagement. Next review scheduled for Monday.
NOTE-0115,Observation 115: The session showed moderate engagement. Next review scheduled for Tuesday.
NOTE-0116,Observation 116: The session showed moderate engagement. Next review scheduled for Wednesday.
NOTE-0117,Observation 117: The session showed moderate engagement. Next review scheduled for Monday.
NOTE-0118,Observation 118: The session showed moderate engagement. Next review scheduled for Tuesday.
NOTE-0119,Observation 119: The session showed low engagement. Next review scheduled for Tuesday.
